id,username,role
1,admin,admin
2,moderator,moderator
3,johndoe,author
4,Else43,author
5,Victor58,author
6,Delia_Hahn90,author
7,Baylee.Gutmann,author
8,Jaden46,author
9,Gene37,author
10,Enos.Kihn,author
11,Verona.Blanda,author
12,Garret.Rowe,author
13,Nolan19,author
14,Buck9,author
15,Talon_Schumm,author
16,Elenora79,author
17,Javonte_Abshire59,author
18,Joey_Christiansen,author
19,Soledad_Stehr84,author
20,Alfredo37,author
21,Robert.Bayer,author
22,Jackeline.Bernier13,author
23,Monserrate_Gibson48,author
24,Kristian.Swaniawski,author
25,Michael_Treutel,author
26,Berenice_Rutherford19,author
27,Conor26,author
28,Jerrell52,author
29,Retha82,author
30,Jaime33,author
31,Domenick59,author
32,Carlotta_McKenzie,author
33,Quincy_Daniel9,author
34,Nella_Mayer,author
35,Jaylin.Bergnaum,author
36,Laury_Metz,author
37,Tristian65,author
38,Name_Ritchie,author
39,Quinn19,author
40,Karley30,author
41,Braden.Kilback76,author
42,Myrna98,author
43,Holden_OConnell0,author
44,Marques.McGlynn,author
45,Destiney.Hayes84,author
46,Toy2,author
47,Lucie.Corkery55,author
48,Rollin.Hahn,author
49,Pamela_Bahringer,author
50,Ellen87,author
51,Jackeline.Pagac,author
52,Cristian33,author
53,Joyce.Kohler-Quigley73,author
54,Richard.Dicki57,author
55,Cyril65,author
56,Rahsaan.Ratke4,author
57,Viviane_Kirlin,author
58,Herminia.Ebert-Barton,author
59,Jennifer.Rowe,author
60,Lazaro_Grant72,author
61,Paige_Auer,author
62,Marge_Nienow,author
63,Bradford51,author
64,Juvenal42,author
65,Violette_Jacobson,author
66,Carmella_Considine,author
67,Stanford46,author
68,Kim_Kunze65,author
69,Cali.Cummings57,author
70,Reid51,author
71,Kraig.Bailey,author
72,Leonora69,author
73,Isabella.Smitham,author
74,Ismael.Boyle63,author
75,Tamia.Homenick79,author
76,Bill.Trantow,author
77,Jarvis_OConnell98,author
78,Virgie_Treutel,author
79,Jaden.Gerhold,author
80,Kaycee46,author
81,Deion.Bergstrom44,author
82,Alison.Hagenes,author
83,Jerrell_Powlowski55,author
84,Hayden.Jaskolski29,author
85,Jacinto70,author
86,Arlo.Lind65,author
87,Kara_Morar,author
88,Mittie30,author
89,Tianna.Becker,author
90,Don41,author
91,Kristofer_Zulauf58,author
92,Dorcas49,author
93,Dino_Kemmer87,author
94,Rhoda_Luettgen,author
95,Ignatius97,author
96,Kellen_Morar,author
97,Neal79,author
98,Roel90,author
99,Martina.Schultz3,author
100,Toby40,author
101,Reginald.Ryan,author
102,Mariana_Green7,author
103,Tamara50,author
104,Jerry_Bosco,author
105,Rogelio_Kuhn,author
106,Jesus_Hoppe,author
107,Era.Daugherty65,author
108,Luz69,author
109,Heather_Leffler,author
110,Rosalia_Ondricka,author
111,Alana.Grimes,author
112,Reymundo_OConner,author
113,Ashlee53,author
114,Dorothy79,author
115,Jensen.Conroy-Rau,author
116,Johnpaul2,author
117,Esther.Stoltenberg,author
118,Abel.Wilkinson,author
119,Jayne_Keeling,author
120,Gisselle.Moore18,author
121,Maribel.Casper,author
122,Katherine_Schmeler,author
123,Myrtice_Padberg57,author
124,Loren_Lockman37,author
125,Hilario_Torp76,author
126,Kennith.Hagenes,author
127,Taylor_Hayes59,author
128,Laisha_Farrell,author
129,Lurline18,author
130,Otha19,author
131,Zelma_Schaden78,author
132,Virgil30,author
133,Clarissa_Heathcote59,author
134,Victoria.Champlin,author
135,Adelle_Osinski,author
136,Ebony_Predovic,author
137,Cesar_Beier,author
138,Nadia.Kerluke5,author
139,Bo53,author
140,Clotilde_Will,author
141,Jordan.Armstrong,author
142,Joanie_Rohan,author
143,Gabe_Gleason45,author
144,Flossie.Schuster,author
145,Kody.Dach91,author
146,Mabelle.Von94,author
147,Eldon26,author
148,Dominic_Koss,author
149,Carolyne_Schmeler36,author
150,Soledad_Metz94,author
151,Thelma_Cummings48,author
152,Jermaine_Watsica41,author
153,Kitty.Durgan,author
154,Gino.Pouros,author
155,Roselyn45,author
156,Karley80,author
157,Fabian_Mraz97,author
158,Jettie73,author
159,Claud_Jerde58,author
160,Wilfred_Schultz95,author
161,Holly_Grimes5,author
162,Jordan_Davis,author
163,Ladarius60,author
164,Raphael70,author
165,Cristal6,author
166,Demond.Ward,author
167,Matilde57,author
168,Adah_Tillman,author
169,Heaven92,author
170,Izaiah.Ledner4,author
171,Sabryna_Auer,author
172,Rory.Schimmel42,author
173,Nona_Sawayn,author
174,Elton.Grant50,author
175,Jeanie86,author
176,Dejah10,author
177,Noemy43,author
178,Elenora.Kozey,author
179,Thomas83,author
180,Jess54,author
181,Alyson_Daugherty,author
182,Shanel.Langworth,author
183,Javier.Ullrich96,author
184,Elda27,author
185,Laura94,author
186,Pansy9,author
187,Dexter.Balistreri,author
188,Dee_Jones,author
189,Molly49,author
190,Carolyn.Armstrong,author
191,Lucio46,author
192,Aida.Cummings46,author
193,Reinhold.Wuckert4,author
194,Myrtis42,author
195,Otha23,author
196,Johnny_Ritchie92,author
197,Avery72,author
198,Roselyn.Rutherford,author
199,Cristian_Rath,author
200,Roxanne30,author
